Board Size,Max Depth,Total Nodes visited,Win Chance,Time spent(s)
"(6, 7)",1,31.04,0.65,0.0041428577899932
"(6, 7)",3,1707.47,0.98,0.1447406876087188
"(6, 7)",5,91596.88,0.995,8.570762574672699
"(7, 8)",1,35.325,0.755,0.005768004655838
"(7, 8)",3,2535.845,0.965,0.2736225390434265
"(7, 8)",5,168614.275,0.995,20.70733090400696
"(7, 10)",1,42.845,0.805,0.0095637440681457
"(7, 10)",3,4863.58,0.99,0.6729681956768035
"(7, 10)",5,502615.715,1.0,67.60945549845695
