Board Size,Max Depth,Total Nodes visited,Win Chance,Time spent(s)
"(6, 7)",1,32.795,0.505,0.003900846242904663
"(6, 7)",3,674.22,0.99,0.055208122730255126
"(6, 7)",5,10233.385,0.99,0.8285971879959106
"(6, 7)",7,133496.41,1.0,11.148775396347046
"(7, 8)",1,35.535,0.61,0.005729283094406128
"(7, 8)",3,809.445,0.995,0.08368830323219299
"(7, 8)",5,15868.64,1.0,1.6450748312473298
